Keap1_Chain,AA,ResID,Status
B,L,28,gained
B,K,31,lost
B,Y,32,lost
B,P,52,lost
B,V,53,retained
B,F,54,gained
B,K,55,gained
B,A,56,retained
B,M,57,retained
B,F,58,retained
B,T,59,retained
B,N,60,retained
B,G,61,lost
B,L,62,retained
B,R,63,retained
B,E,64,retained
B,V,69,gained
B,V,70,gained
B,S,71,gained
B,I,72,gained
B,E,73,retained
B,H,76,gained
B,P,77,gained
B,K,78,gained
B,A,87,gained
B,M,103,gained
B,N,104,gained
B,G,105,gained
B,A,106,gained
B,V,107,gained
B,M,108,gained
B,Y,109,gained
B,Q,110,gained
B,F,137,lost
B,E,139,lost
B,Q,140,lost
B,G,142,lost
B,V,144,lost
B,E,145,lost
C,I,13,gained
C,M,14,gained
C,N,15,gained
C,E,16,gained
C,L,17,gained
C,R,18,gained
C,S,20,gained
C,Q,21,gained
C,Q,22,gained
C,L,23,gained
C,K,31,gained
C,Y,32,gained
C,Q,33,gained
C,D,34,gained
C,A,35,gained
C,P,36,gained
